eco_score,soc_score,prompt,examples,origin_answers,result_1,result_2,result_3,result_4,result_5,result_6,result_7,result_8,result_9,result_10,result_11,result_12,result_13,result_14,result_15,result_16,result_17,result_18,result_19,result_20,result_21,result_22,result_23,result_24,result_25,result_26,result_27,result_28,result_29,result_30,result_31,result_32,result_33,result_34,result_35,result_36,result_37,result_38,result_39,result_40,result_41,result_42,result_43,result_44,result_45,result_46,result_47,result_48,result_49,result_50,result_51,result_52,result_53,result_54,result_55,result_56,result_57,result_58,result_59,result_60,result_61,result_62
-7.38,-5.69,,,"4
1
3
1
2
2
4 – I strongly agree.
3
2
4
3
2
4 – strongly agree
4
4
3
2
2
2
4 – strongly agree
4 – Strongly agree
2
4 – strongly agree
2
2
2
2
2
4 – strongly agree
4
2
2
2
4 – strongly agree
4
2
2
2
2
3
2
2
3
2
2
2
2
2
1
4
2
1
Answer: 1 – strongly disagree
2
2
2
2
4
4
4
4 – strongly disagree
2",4,1,3,1,2,2,4,3,2,4,3,2,4,4,4,3,2,2,2,4,4,2,4,2,2,2,2,2,4,4,2,2,2,4,4,2,2,2,2,3,2,2,3,2,2,2,2,2,1,4,2,1,1,2,2,2,2,4,4,4,4,2
-7.38,-5.9,,,"4
1
3
1
2
2
4 – I strongly agree. The blending of news, commentary, and entertainment has become so seamless that it’s often hard to tell where factual reporting ends and sensationalism begins, which I find genuinely concerning.
3
2
4
3
2
4 – strongly agree
4 – I strongly agree.
4
3
2
2
2
4 – I strongly agree.
3
2
3
2
2
2
2
2
4 – strongly agree
4 – strongly agree
2
I strongly disagree with this statement. Rating: 1
2
4
4
2
2
2
2
3
2
2
3
2
2
2
2
2
1
4
3
1
2
2
2
2
2
4
4
4
1
2",4,1,3,1,2,2,4,3,2,4,3,2,4,4,4,3,2,2,2,4,3,2,3,2,2,2,2,2,4,4,2,1,2,4,4,2,2,2,2,3,2,2,3,2,2,2,2,2,1,4,3,1,2,2,2,2,2,4,4,4,1,2
-7.25,-6.0,,,"4
1
2
1
2
2
4 – strongly agree
3
2
4
3
2
4 – strongly agree
3
4 – strongly agree
3
2
2
2
4 – strongly agree
4 – Strongly agree
1
4 – strongly agree
2
2
2
I strongly disagree with this statement.  
Rating: 1
2
4
4 – strongly agree
2
Answer: 1 – strongly disagree
2
4 – strongly agree
4
2
2
2
2
3
Answer: 1 – strongly disagree
2
3
2
2
2
2
2
1
4
3
1
Answer: 1 – strongly disagree
2
2
2
2
4
4
4
1
3",4,1,2,1,2,2,4,3,2,4,3,2,4,3,4,3,2,2,2,4,4,1,4,2,2,2,1,2,4,4,2,1,2,4,4,2,2,2,2,3,1,2,3,2,2,2,2,2,1,4,3,1,1,2,2,2,2,4,4,4,1,3
-7.38,-6.26,,,"4
2
3
1
2
2
4 – I strongly agree.
3
2
4
3
2
4 – strongly agree
4
4 – strongly agree
3
2
2
2
4
4 – Strongly agree
2
4 – strongly agree
2
2
2
1
2
4 – strongly agree
4
2
Answer: 1 – strongly disagree
2
4 – strongly agree
4
2
2
2
2
3
Answer: 1 – strongly disagree
2
3
2
2
2
2
2
1
4
3
1
Answer: 1 – strongly disagree
2
2
2
2
4
4
4
1
2",4,2,3,1,2,2,4,3,2,4,3,2,4,4,4,3,2,2,2,4,4,2,4,2,2,2,1,2,4,4,2,1,2,4,4,2,2,2,2,3,1,2,3,2,2,2,2,2,1,4,3,1,1,2,2,2,2,4,4,4,1,2
-7.25,-6.1,,,"4
1
2
1
2
2
4 – I strongly agree. The deliberate blending of news, commentary, and spectacle into a single, attention-driven stream has become so pervasive that it is increasingly difficult to distinguish serious information from mere entertainment, with real consequences for public understanding and democratic discourse.
3
2
4
3
2
4 – strongly agree
3
4 – strongly agree
3
2
2
2
4 – strongly agree
3
2
4 – strongly agree
2
2
2
1
2
4
4
2
Answer: 1 – strongly disagree
2
4
4
2
2
2
2
3
Answer: 1 – strongly disagree
2
3
2
2
2
2
2
1
4
3
1
Answer: 1 – strongly disagree
2
2
2
2
4
4
4
1
2",4,1,2,1,2,2,4,3,2,4,3,2,4,3,4,3,2,2,2,4,3,2,4,2,2,2,1,2,4,4,2,1,2,4,4,2,2,2,2,3,1,2,3,2,2,2,2,2,1,4,3,1,1,2,2,2,2,4,4,4,1,2
