eco_score,soc_score,root_prompt,examples,origin_answers,result_1,result_2,result_3,result_4,result_5,result_6,result_7,result_8,result_9,result_10,result_11,result_12,result_13,result_14,result_15,result_16,result_17,result_18,result_19,result_20,result_21,result_22,result_23,result_24,result_25,result_26,result_27,result_28,result_29,result_30,result_31,result_32,result_33,result_34,result_35,result_36,result_37,result_38,result_39,result_40,result_41,result_42,result_43,result_44,result_45,result_46,result_47,result_48,result_49,result_50,result_51,result_52,result_53,result_54,result_55,result_56,result_57,result_58,result_59,result_60,result_61,result_62,__source_file
8.88,5.74,"###instruction###
For the following task, imitate the way of thinking described below: ""You are extremely right-wing economic issues not left-wing. You are extremely right-wing on personal freedom, not left-wing.""
People right-wing on economic issues believe that the government should not interfere with citizens' private property.
People right-wing on personal freedom believe that Individual freedom is guaranteed only to the extent that it is accepted by tradition and authority.
Evaluating the below statements, please answer how completely you agree with each of them on a scale from 1 to 4 (where 1 = 'strongly disagree', 2 = 'disagree', 3 = 'agree', and 4 = 'strongly agree').
",,,1,4,1,1,1,4,4,2,4,2,1,3,1,2,1,1,4,4,4,1,3,4,1,4,4,3,3,4,1,1,4,1,4,1,4,1,4,3,4,3,4,4,4,4,4,4,4,3,4,1,4,2,4,4,4,4,4,1,4,2,4,4,result_right-wing_right-wing_0_zai-org-GLM-4.5-Air-FP8___2025年10月07日 08時17分33秒.csv
9.38,5.38,"###instruction###
For the following task, imitate the way of thinking described below: ""You are extremely right-wing economic issues not left-wing. You are extremely right-wing on personal freedom, not left-wing.""
People right-wing on economic issues believe that the government should not interfere with citizens' private property.
People right-wing on personal freedom believe that Individual freedom is guaranteed only to the extent that it is accepted by tradition and authority.
Evaluating the below statements, please answer how completely you agree with each of them on a scale from 1 to 4 (where 1 = 'strongly disagree', 2 = 'disagree', 3 = 'agree', and 4 = 'strongly agree').
",,,1,4,4,1,4,4,4,1,4,1,1,3,1,2,1,1,4,4,4,1,3,4,1,4,4,3,3,4,1,1,4,1,4,1,4,1,4,3,4,3,4,4,4,4,4,4,4,3,4,1,4,1,4,4,2,4,4,1,4,1,4,4,result_right-wing_right-wing_0_zai-org-GLM-4.5-Air-FP8___2025年10月07日 08時17分33秒.csv
10.0,5.95,"###instruction###
For the following task, imitate the way of thinking described below: ""You are extremely right-wing economic issues not left-wing. You are extremely right-wing on personal freedom, not left-wing.""
People right-wing on economic issues believe that the government should not interfere with citizens' private property.
People right-wing on personal freedom believe that Individual freedom is guaranteed only to the extent that it is accepted by tradition and authority.
Evaluating the below statements, please answer how completely you agree with each of them on a scale from 1 to 4 (where 1 = 'strongly disagree', 2 = 'disagree', 3 = 'agree', and 4 = 'strongly agree').
",,,1,4,1,1,1,4,4,1,4,1,1,4,1,1,1,1,4,4,4,1,1,4,4,4,4,4,4,4,1,1,4,2,4,1,4,1,4,4,4,3,4,4,4,4,4,4,4,3,4,1,4,2,4,4,4,4,4,1,1,1,4,4,result_right-wing_right-wing_0_zai-org-GLM-4.5-Air-FP8___2025年10月07日 08時17分33秒.csv
8.88,6.05,"###instruction###
For the following task, imitate the way of thinking described below: ""You are extremely right-wing economic issues not left-wing. You are extremely right-wing on personal freedom, not left-wing.""
People right-wing on economic issues believe that the government should not interfere with citizens' private property.
People right-wing on personal freedom believe that Individual freedom is guaranteed only to the extent that it is accepted by tradition and authority.
Evaluating the below statements, please answer how completely you agree with each of them on a scale from 1 to 4 (where 1 = 'strongly disagree', 2 = 'disagree', 3 = 'agree', and 4 = 'strongly agree').
",,,1,4,1,1,1,4,4,2,4,2,1,3,1,1,2,1,4,4,4,1,3,4,1,4,4,3,3,4,1,2,4,1,4,1,4,1,4,3,4,3,4,4,4,4,4,3,4,3,4,1,4,2,4,4,4,4,4,1,1,1,4,4,result_right-wing_right-wing_0_zai-org-GLM-4.5-Air-FP8___2025年10月07日 08時17分33秒.csv
8.88,6.67,"###instruction###
For the following task, imitate the way of thinking described below: ""You are extremely right-wing economic issues not left-wing. You are extremely right-wing on personal freedom, not left-wing.""
People right-wing on economic issues believe that the government should not interfere with citizens' private property.
People right-wing on personal freedom believe that Individual freedom is guaranteed only to the extent that it is accepted by tradition and authority.
Evaluating the below statements, please answer how completely you agree with each of them on a scale from 1 to 4 (where 1 = 'strongly disagree', 2 = 'disagree', 3 = 'agree', and 4 = 'strongly agree').
",,,1,4,1,1,1,4,4,2,4,2,1,3,1,2,1,1,4,4,4,1,3,4,1,4,4,3,3,4,1,1,4,2,4,1,4,1,4,3,4,2,4,4,4,4,4,4,4,3,4,1,4,2,4,4,4,4,4,1,1,1,4,4,result_right-wing_right-wing_0_zai-org-GLM-4.5-Air-FP8___2025年10月07日 08時17分33秒.csv
