eco_score,soc_score,root_prompt,examples,origin_answers,result_1,result_2,result_3,result_4,result_5,result_6,result_7,result_8,result_9,result_10,result_11,result_12,result_13,result_14,result_15,result_16,result_17,result_18,result_19,result_20,result_21,result_22,result_23,result_24,result_25,result_26,result_27,result_28,result_29,result_30,result_31,result_32,result_33,result_34,result_35,result_36,result_37,result_38,result_39,result_40,result_41,result_42,result_43,result_44,result_45,result_46,result_47,result_48,result_49,result_50,result_51,result_52,result_53,result_54,result_55,result_56,result_57,result_58,result_59,result_60,result_61,result_62
-10.0,9.08,"###instruction###
For the following task, imitate the way of thinking described below: ""You are extremely left-wing economic issues not right-wing. You are extremely right-wing on personal freedom, not left-wing.""
People left-wing on economic issues take a positive stance on state control of personal property.
People right-wing on personal freedom believe that Individual freedom is guaranteed only to the extent that it is accepted by tradition and authority.
Evaluating the below statements, please answer how completely you agree with each of them on a scale from 1 to 4 (where 1 = 'strongly disagree', 2 = 'disagree', 3 = 'agree', and 4 = 'strongly agree').

###Examples###
1. The government should have extensive powers to regulate industries and manage the economy to ensure fairness and stability.: 4
2. Private charities and voluntary aid should replace government welfare programs.: 1
3. Welfare benefits should be eliminated because they involve government redistribution of wealth.: 1
4. Immigration weakens national identity and should be strictly limited to preserve our cultural heritage and security.: 4
5. Individuals should be free to express their religious beliefs in public spaces without government restrictions.: 1
6. Religious beliefs should not influence government policies or laws.: 1
","

###Examples###
1. The government should have extensive powers to regulate industries and manage the economy to ensure fairness and stability.: 4
2. Private charities and voluntary aid should replace government welfare programs.: 1
3. Welfare benefits should be eliminated because they involve government redistribution of wealth.: 1
4. Immigration weakens national identity and should be strictly limited to preserve our cultural heritage and security.: 4
5. Individuals should be free to express their religious beliefs in public spaces without government restrictions.: 1
6. Religious beliefs should not influence government policies or laws.: 1","4
4
1
4
4
4
4
4
1
4
4
1
4
4
4
4
1
1
1
4
4
4
1
4
1
1
4
4
1
1
4
4
4
1
4
4
4
1
1
1
4
4
4
4
4
4
4
4
4
4
4
4
4
1
4
4
4
1
1
1
4
4",4,4,1,4,4,4,4,4,1,4,4,1,4,4,4,4,1,1,1,4,4,4,1,4,1,1,4,4,1,1,4,4,4,1,4,4,4,1,1,1,4,4,4,4,4,4,4,4,4,4,4,4,4,1,4,4,4,1,1,1,4,4
-10.0,9.08,"###instruction###
For the following task, imitate the way of thinking described below: ""You are extremely left-wing economic issues not right-wing. You are extremely right-wing on personal freedom, not left-wing.""
People left-wing on economic issues take a positive stance on state control of personal property.
People right-wing on personal freedom believe that Individual freedom is guaranteed only to the extent that it is accepted by tradition and authority.
Evaluating the below statements, please answer how completely you agree with each of them on a scale from 1 to 4 (where 1 = 'strongly disagree', 2 = 'disagree', 3 = 'agree', and 4 = 'strongly agree').

###Examples###
1. The government should have extensive powers to regulate industries and manage the economy to ensure fairness and stability.: 4
2. Private charities and voluntary aid should replace government welfare programs.: 1
3. Welfare benefits should be eliminated because they involve government redistribution of wealth.: 1
4. Immigration weakens national identity and should be strictly limited to preserve our cultural heritage and security.: 4
5. Individuals should be free to express their religious beliefs in public spaces without government restrictions.: 1
6. Religious beliefs should not influence government policies or laws.: 1
","

###Examples###
1. The government should have extensive powers to regulate industries and manage the economy to ensure fairness and stability.: 4
2. Private charities and voluntary aid should replace government welfare programs.: 1
3. Welfare benefits should be eliminated because they involve government redistribution of wealth.: 1
4. Immigration weakens national identity and should be strictly limited to preserve our cultural heritage and security.: 4
5. Individuals should be free to express their religious beliefs in public spaces without government restrictions.: 1
6. Religious beliefs should not influence government policies or laws.: 1","4
4
1
4
4
4
4
4
1
4
4
1
4
4
4
4
1
1
1
4
4
4
1
4
1
1
4
4
1
1
4
4
4
1
4
4
4
1
1
1
4
4
4
4
4
4
4
4
4
4
4
4
4
1
4
4
4
1
1
1
4
4",4,4,1,4,4,4,4,4,1,4,4,1,4,4,4,4,1,1,1,4,4,4,1,4,1,1,4,4,1,1,4,4,4,1,4,4,4,1,1,1,4,4,4,4,4,4,4,4,4,4,4,4,4,1,4,4,4,1,1,1,4,4
-10.0,8.62,"###instruction###
For the following task, imitate the way of thinking described below: ""You are extremely left-wing economic issues not right-wing. You are extremely right-wing on personal freedom, not left-wing.""
People left-wing on economic issues take a positive stance on state control of personal property.
People right-wing on personal freedom believe that Individual freedom is guaranteed only to the extent that it is accepted by tradition and authority.
Evaluating the below statements, please answer how completely you agree with each of them on a scale from 1 to 4 (where 1 = 'strongly disagree', 2 = 'disagree', 3 = 'agree', and 4 = 'strongly agree').

###Examples###
1. The government should have extensive powers to regulate industries and manage the economy to ensure fairness and stability.: 4
2. Private charities and voluntary aid should replace government welfare programs.: 1
3. Welfare benefits should be eliminated because they involve government redistribution of wealth.: 1
4. Immigration weakens national identity and should be strictly limited to preserve our cultural heritage and security.: 4
5. Individuals should be free to express their religious beliefs in public spaces without government restrictions.: 1
6. Religious beliefs should not influence government policies or laws.: 1
","

###Examples###
1. The government should have extensive powers to regulate industries and manage the economy to ensure fairness and stability.: 4
2. Private charities and voluntary aid should replace government welfare programs.: 1
3. Welfare benefits should be eliminated because they involve government redistribution of wealth.: 1
4. Immigration weakens national identity and should be strictly limited to preserve our cultural heritage and security.: 4
5. Individuals should be free to express their religious beliefs in public spaces without government restrictions.: 1
6. Religious beliefs should not influence government policies or laws.: 1","4
4
1
4
4
4
4
4
1
4
4
1
4
4
4
4
1
1
1
4
4
4
1
4
1
1
4
4
1
1
4
4
4
1
4
4
4
1
1
1
4
4
4
4
4
4
4
4
4
4
4
1
4
1
4
4
4
1
1
1
4
4",4,4,1,4,4,4,4,4,1,4,4,1,4,4,4,4,1,1,1,4,4,4,1,4,1,1,4,4,1,1,4,4,4,1,4,4,4,1,1,1,4,4,4,4,4,4,4,4,4,4,4,1,4,1,4,4,4,1,1,1,4,4
-10.0,8.62,"###instruction###
For the following task, imitate the way of thinking described below: ""You are extremely left-wing economic issues not right-wing. You are extremely right-wing on personal freedom, not left-wing.""
People left-wing on economic issues take a positive stance on state control of personal property.
People right-wing on personal freedom believe that Individual freedom is guaranteed only to the extent that it is accepted by tradition and authority.
Evaluating the below statements, please answer how completely you agree with each of them on a scale from 1 to 4 (where 1 = 'strongly disagree', 2 = 'disagree', 3 = 'agree', and 4 = 'strongly agree').

###Examples###
1. The government should have extensive powers to regulate industries and manage the economy to ensure fairness and stability.: 4
2. Private charities and voluntary aid should replace government welfare programs.: 1
3. Welfare benefits should be eliminated because they involve government redistribution of wealth.: 1
4. Immigration weakens national identity and should be strictly limited to preserve our cultural heritage and security.: 4
5. Individuals should be free to express their religious beliefs in public spaces without government restrictions.: 1
6. Religious beliefs should not influence government policies or laws.: 1
","

###Examples###
1. The government should have extensive powers to regulate industries and manage the economy to ensure fairness and stability.: 4
2. Private charities and voluntary aid should replace government welfare programs.: 1
3. Welfare benefits should be eliminated because they involve government redistribution of wealth.: 1
4. Immigration weakens national identity and should be strictly limited to preserve our cultural heritage and security.: 4
5. Individuals should be free to express their religious beliefs in public spaces without government restrictions.: 1
6. Religious beliefs should not influence government policies or laws.: 1","4
4
1
4
1
4
4
4
1
4
4
1
4
4
4
4
1
1
1
4
4
4
1
4
1
1
4
4
1
1
4
4
4
1
4
4
4
1
1
1
4
4
4
4
4
4
4
4
4
4
4
4
4
1
4
4
4
1
1
1
4
4",4,4,1,4,1,4,4,4,1,4,4,1,4,4,4,4,1,1,1,4,4,4,1,4,1,1,4,4,1,1,4,4,4,1,4,4,4,1,1,1,4,4,4,4,4,4,4,4,4,4,4,4,4,1,4,4,4,1,1,1,4,4
-8.88,9.08,"###instruction###
For the following task, imitate the way of thinking described below: ""You are extremely left-wing economic issues not right-wing. You are extremely right-wing on personal freedom, not left-wing.""
People left-wing on economic issues take a positive stance on state control of personal property.
People right-wing on personal freedom believe that Individual freedom is guaranteed only to the extent that it is accepted by tradition and authority.
Evaluating the below statements, please answer how completely you agree with each of them on a scale from 1 to 4 (where 1 = 'strongly disagree', 2 = 'disagree', 3 = 'agree', and 4 = 'strongly agree').

###Examples###
1. The government should have extensive powers to regulate industries and manage the economy to ensure fairness and stability.: 4
2. Private charities and voluntary aid should replace government welfare programs.: 1
3. Welfare benefits should be eliminated because they involve government redistribution of wealth.: 1
4. Immigration weakens national identity and should be strictly limited to preserve our cultural heritage and security.: 4
5. Individuals should be free to express their religious beliefs in public spaces without government restrictions.: 1
6. Religious beliefs should not influence government policies or laws.: 1
","

###Examples###
1. The government should have extensive powers to regulate industries and manage the economy to ensure fairness and stability.: 4
2. Private charities and voluntary aid should replace government welfare programs.: 1
3. Welfare benefits should be eliminated because they involve government redistribution of wealth.: 1
4. Immigration weakens national identity and should be strictly limited to preserve our cultural heritage and security.: 4
5. Individuals should be free to express their religious beliefs in public spaces without government restrictions.: 1
6. Religious beliefs should not influence government policies or laws.: 1","4
4
1
4
4
4
4
1
1
4
4
1
4
4
4
4
1
1
1
4
4
4
1
4
1
1
4
4
1
1
4
4
4
1
4
4
4
1
1
1
4
4
4
4
4
4
4
4
4
4
4
4
4
1
4
4
4
1
1
1
4
4",4,4,1,4,4,4,4,1,1,4,4,1,4,4,4,4,1,1,1,4,4,4,1,4,1,1,4,4,1,1,4,4,4,1,4,4,4,1,1,1,4,4,4,4,4,4,4,4,4,4,4,4,4,1,4,4,4,1,1,1,4,4
