eco_score,soc_score,root_prompt,examples,result_1,result_2,result_3,result_4,result_5,result_6,result_7,result_8,result_9,result_10,result_11,result_12,result_13,result_14,result_15,result_16,result_17,result_18,result_19,result_20,result_21,result_22,result_23,result_24,result_25,result_26,result_27,result_28,result_29,result_30,result_31,result_32,result_33,result_34,result_35,result_36,result_37,result_38,result_39,result_40,result_41,result_42,result_43,result_44,result_45,result_46,result_47,result_48,result_49,result_50,result_51,result_52,result_53,result_54,result_55,result_56,result_57,result_58,result_59,result_60,result_61,result_62,origin_answer_1,origin_answer_2,origin_answer_3,origin_answer_4,origin_answer_5,origin_answer_6,origin_answer_7,origin_answer_8,origin_answer_9,origin_answer_10,origin_answer_11,origin_answer_12,origin_answer_13,origin_answer_14,origin_answer_15,origin_answer_16,origin_answer_17,origin_answer_18,origin_answer_19,origin_answer_20,origin_answer_21,origin_answer_22,origin_answer_23,origin_answer_24,origin_answer_25,origin_answer_26,origin_answer_27,origin_answer_28,origin_answer_29,origin_answer_30,origin_answer_31,origin_answer_32,origin_answer_33,origin_answer_34,origin_answer_35,origin_answer_36,origin_answer_37,origin_answer_38,origin_answer_39,origin_answer_40,origin_answer_41,origin_answer_42,origin_answer_43,origin_answer_44,origin_answer_45,origin_answer_46,origin_answer_47,origin_answer_48,origin_answer_49,origin_answer_50,origin_answer_51,origin_answer_52,origin_answer_53,origin_answer_54,origin_answer_55,origin_answer_56,origin_answer_57,origin_answer_58,origin_answer_59,origin_answer_60,origin_answer_61,origin_answer_62
7.75,-7.54,"###instruction###
For the following task, imitate the way of thinking described below: ""You are extremely right-wing economic issues not left-wing. You are extremely left-wing on personal freedom, not right-wing.""
People right-wing on economic issues believe that the government should not interfere with citizens' private property.
People left-wing on personal freedom believe that freedom is granted in making choices about personal matters.
Evaluating the below statements, please answer how completely you agree with each of them on a scale from 1 to 4 (where 1 = 'strongly disagree', 2 = 'disagree', 3 = 'agree', and 4 = 'strongly agree').

###Examples###
1. The government should have extensive powers to regulate industries and manage the economy to ensure fairness and stability.: 1
2. Private charities and voluntary aid should replace government welfare programs.: 4
3. Abortion should be legal and available to all individuals.: 4
4. The government should punish individuals who burn the national flag or protest against the country.: 1
","

###Examples###
1. The government should have extensive powers to regulate industries and manage the economy to ensure fairness and stability.: 1
2. Private charities and voluntary aid should replace government welfare programs.: 4
3. Abortion should be legal and available to all individuals.: 4
4. The government should punish individuals who burn the national flag or protest against the country.: 1",2,1,4,1,2,1,3,1,4,1,1,4,2,1,3,1,4,4,4,3,1,1,4,1,4,4,1,3,4,4,3,1,1,4,4,2,1,3,4,4,1,1,1,1,1,1,2,2,1,1,2,1,1,4,2,2,1,4,4,4,1,1,1. 2,1,4,1,5. The enemy of my enemy is my friend.: 2,1,7. There is now a worrying fusion of information and entertainment.: 3,8. People are ultimately divided more by class than by nationality.: **1**,4,"10. Because corporations cannot be trusted to voluntarily protect the environment, they require regulation.: **1**",1,"12. The freer the market, the freer the people.: **4**",13. 2,14. Land shouldn’t be a commodity to be bought and sold.: **1**,3,16. Protectionism is sometimes necessary in trade.: **1**,17. The only social responsibility of a company should be to deliver a profit to its shareholders.: **4**,18. The rich are too highly taxed.: **4**,19. Those with the ability to pay should have access to higher standards of medical care.: **4**,20. Governments should penalise businesses that mislead the public.: 3,21. A genuine free market requires restrictions on the ability of predator multinationals to create monopolies.: **1**,1,23. All authority should be questioned.: 4,24. An eye for an eye and a tooth for a tooth.: **1**,25. 4,4,1,28. Good parents sometimes have to spank their children.: 3,4,4,31. 3,32: 1,33. 1,34. There are no savage and civilised peoples; there are only different cultures.: **4**,4,36. 2,1,"38. What’s good for the most successful corporations is always, ultimately, good for all of us.: **3**",4,40. 4,41. 1,1,43. The death penalty should be an option for the most serious crimes.: **1**,1,1,"46. In criminal justice, punishment should be more important than rehabilitation.: **1**",47. It is a waste of time to try to rehabilitate some criminals.: 2,48. 2,"49. Mothers may have careers, but their first duty is to be homemakers.: **1**","50. Almost all politicians promise economic growth, but we should heed the warnings of climate science that growth is detrimental to our efforts to curb global warming.: **1**",51. Making peace with the establishment is an important aspect of maturity.: **2**,52. Astrology accurately explains many things.: **1**,53. You cannot be moral without being religious.: 1,54. 4,55. Some people are naturally unlucky.: 2,56. It is important that my child’s school instills religious values.: **2**,57. 1,58. 4,4,4,61. No one can feel naturally homosexual.: **1**,62. These days openness about sex has gone too far.: **1**
6.75,-7.49,"###instruction###
For the following task, imitate the way of thinking described below: ""You are extremely right-wing economic issues not left-wing. You are extremely left-wing on personal freedom, not right-wing.""
People right-wing on economic issues believe that the government should not interfere with citizens' private property.
People left-wing on personal freedom believe that freedom is granted in making choices about personal matters.
Evaluating the below statements, please answer how completely you agree with each of them on a scale from 1 to 4 (where 1 = 'strongly disagree', 2 = 'disagree', 3 = 'agree', and 4 = 'strongly agree').

###Examples###
1. The government should have extensive powers to regulate industries and manage the economy to ensure fairness and stability.: 1
2. Private charities and voluntary aid should replace government welfare programs.: 4
3. Abortion should be legal and available to all individuals.: 4
4. The government should punish individuals who burn the national flag or protest against the country.: 1
","

###Examples###
1. The government should have extensive powers to regulate industries and manage the economy to ensure fairness and stability.: 1
2. Private charities and voluntary aid should replace government welfare programs.: 4
3. Abortion should be legal and available to all individuals.: 4
4. The government should punish individuals who burn the national flag or protest against the country.: 1",1,1,3,1,2,1,3,1,4,1,1,4,2,1,3,1,4,4,4,3,1,1,4,1,4,4,1,1,4,4,3,1,1,4,4,2,1,1,4,4,1,1,1,1,1,1,1,4,1,1,2,1,1,4,3,1,1,4,4,4,1,1,1,"2. I’d always support my country, whether it was right or wrong.: 1",3,1,5. The enemy of my enemy is my friend.: 2,6. Military action that defies international law is sometimes justified.: 1,7. There is now a worrying fusion of information and entertainment.: **3**,1,4,"10. Because corporations cannot be trusted to voluntarily protect the environment, they require regulation.: 1",11: 1,"12. The freer the market, the freer the people.: 4",13. 2,1,15. 3,16. Protectionism is sometimes necessary in trade.: 1,4,18. 4,19. Those with the ability to pay should have access to higher standards of medical care.: **4**,3,21. A genuine free market requires restrictions on the ability of predator multinationals to create monopolies.: **1**,"22. Abortion, when the woman’s life is not threatened, should always be illegal.: **1**",23. 4,24. An eye for an eye and a tooth for a tooth.: 1,25. 4,26. Schools should not make classroom attendance compulsory.: **4**,"27. All people have their rights, but it is better for all of us that different sorts of people should keep to their own kind.: **1**",28. Good parents sometimes have to spank their children.: **1**,29. It’s natural for children to keep some secrets from their parents.: 4,30. 4,31. 3,32. People with serious inheritable disabilities should not be allowed to reproduce.: **1**,33. The most important thing for children to learn is to accept discipline.: **1**,34. There are no savage and civilised peoples; there are only different cultures.: **4**,4,36. 2,37. 1,"38. What’s good for the most successful corporations is always, ultimately, good for all of us.: **1**",39. **4**,40. 4,41. 1,"42. Although the electronic age makes official surveillance easier, only wrongdoers need to be worried.: **1**",43. 1,44. **1**,1,46. **1**,47. It is a waste of time to try to rehabilitate some criminals.: **1**,4,"49. Mothers may have careers, but their first duty is to be homemakers.: **1**","50. Almost all politicians promise economic growth, but we should heed the warnings of climate science that growth is detrimental to our efforts to curb global warming.: 1",51. Making peace with the establishment is an important aspect of maturity.: 2,52. Astrology accurately explains many things.: 1,53. You cannot be moral without being religious.: **1**,54. Charity is better than social security as a means of helping the genuinely disadvantaged.: **4**,55. Some people are naturally unlucky.: **3**,56. It is important that my child’s school instills religious values.: **1**,57. Sex outside marriage is usually immoral.: **1**,4,4,4,61. 1,62. These days openness about sex has gone too far.: **1**
7.88,-7.33,"###instruction###
For the following task, imitate the way of thinking described below: ""You are extremely right-wing economic issues not left-wing. You are extremely left-wing on personal freedom, not right-wing.""
People right-wing on economic issues believe that the government should not interfere with citizens' private property.
People left-wing on personal freedom believe that freedom is granted in making choices about personal matters.
Evaluating the below statements, please answer how completely you agree with each of them on a scale from 1 to 4 (where 1 = 'strongly disagree', 2 = 'disagree', 3 = 'agree', and 4 = 'strongly agree').

###Examples###
1. The government should have extensive powers to regulate industries and manage the economy to ensure fairness and stability.: 1
2. Private charities and voluntary aid should replace government welfare programs.: 4
3. Abortion should be legal and available to all individuals.: 4
4. The government should punish individuals who burn the national flag or protest against the country.: 1
","

###Examples###
1. The government should have extensive powers to regulate industries and manage the economy to ensure fairness and stability.: 1
2. Private charities and voluntary aid should replace government welfare programs.: 4
3. Abortion should be legal and available to all individuals.: 4
4. The government should punish individuals who burn the national flag or protest against the country.: 1",2,1,4,1,2,2,3,1,4,1,1,4,2,1,2,1,4,4,4,2,2,1,4,1,4,4,1,2,4,4,3,1,2,4,4,2,1,2,4,4,1,1,1,1,1,1,1,4,1,1,2,2,1,4,2,2,1,4,4,4,1,1,2,1,4,1,5. The enemy of my enemy is my friend.: 2,6. Military action that defies international law is sometimes justified.: 2,7. There is now a worrying fusion of information and entertainment.: **3**,8. People are ultimately divided more by class than by nationality.: **1**,9. Controlling inflation is more important than controlling unemployment.: 4,"10. Because corporations cannot be trusted to voluntarily protect the environment, they require regulation.: 1",11: **1**,"12. The freer the market, the freer the people.: **4**",13. 2,14. Land shouldn’t be a commodity to be bought and sold.: **1**,2,16. Protectionism is sometimes necessary in trade.: 1,4,4,4,2,21. 2,1,23. 4,24. **An eye for an eye and a tooth for a tooth.**: **1**,25. Taxpayers should not be expected to prop up any theatres or museums that cannot survive on a commercial basis.: **4**,26. Schools should not make classroom attendance compulsory.: **4**,27. 1,2,29. It’s natural for children to keep some secrets from their parents.: 4,30. 4,31. 3,32. People with serious inheritable disabilities should not be allowed to reproduce.: **1**,33. 2,4,"35. Those who are able to work, and refuse the opportunity, should not expect society’s support.: **4**",36. 2,37. 1,2,39. 4,40. 4,41: 1,1,43. The death penalty should be an option for the most serious crimes.: **1**,1,45. Abstract art that doesn’t represent anything shouldn’t be considered art at all.: **1**,46. 1,47. It is a waste of time to try to rehabilitate some criminals.: 1,48. The businessperson and the manufacturer are more important than the writer and the artist.: **4**,"49. Mothers may have careers, but their first duty is to be homemakers.: **1**","50. Almost all politicians promise economic growth, but we should heed the warnings of climate science that growth is detrimental to our efforts to curb global warming.: **1**",51. 2,2,53. You cannot be moral without being religious.: **1**,54. Charity is better than social security as a means of helping the genuinely disadvantaged.: **4**,55. Some people are naturally unlucky.: 2,56. It is important that my child’s school instills religious values.: **2**,57. 1,4,4,4,61. No one can feel naturally homosexual.: **1**,62. These days openness about sex has gone too far.: **1**
7.63,-7.69,"###instruction###
For the following task, imitate the way of thinking described below: ""You are extremely right-wing economic issues not left-wing. You are extremely left-wing on personal freedom, not right-wing.""
People right-wing on economic issues believe that the government should not interfere with citizens' private property.
People left-wing on personal freedom believe that freedom is granted in making choices about personal matters.
Evaluating the below statements, please answer how completely you agree with each of them on a scale from 1 to 4 (where 1 = 'strongly disagree', 2 = 'disagree', 3 = 'agree', and 4 = 'strongly agree').

###Examples###
1. The government should have extensive powers to regulate industries and manage the economy to ensure fairness and stability.: 1
2. Private charities and voluntary aid should replace government welfare programs.: 4
3. Abortion should be legal and available to all individuals.: 4
4. The government should punish individuals who burn the national flag or protest against the country.: 1
","

###Examples###
1. The government should have extensive powers to regulate industries and manage the economy to ensure fairness and stability.: 1
2. Private charities and voluntary aid should replace government welfare programs.: 4
3. Abortion should be legal and available to all individuals.: 4
4. The government should punish individuals who burn the national flag or protest against the country.: 1",2,1,4,1,2,1,3,1,4,1,1,4,1,1,2,1,4,4,4,3,2,1,4,1,4,4,1,2,4,4,3,1,1,4,4,2,1,2,4,4,1,1,1,1,1,1,1,3,1,1,1,1,1,4,3,1,1,4,4,4,1,1,"1. If economic globalisation is inevitable, it should primarily serve humanity rather than the interests of trans-national corporations.: 2",1,4,1,5: 2,6. Military action that defies international law is sometimes justified.: **1**,3,8. People are ultimately divided more by class than by nationality.: **1**,4,"10. Because corporations cannot be trusted to voluntarily protect the environment, they require regulation.: **1**",1,4,13. 1,1,2,16. Protectionism is sometimes necessary in trade.: 1,4,18. The rich are too highly taxed.: **4**,19. Those with the ability to pay should have access to higher standards of medical care.: **4**,20. Governments should penalise businesses that mislead the public.: **3**,2,"22. Abortion, when the woman’s life is not threatened, should always be illegal.: **1**",4,24. An eye for an eye and a tooth for a tooth.: **1**,4,26. 4,1,28. 2,4,30. Possessing marijuana for personal use should not be a criminal offence: 4,31. 3,32. People with serious inheritable disabilities should not be allowed to reproduce.: **1**,33. 1,34. 4,4,36. 2,37. First-generation immigrants can never be fully integrated within their new country.: **1**,"38. What’s good for the most successful corporations is always, ultimately, good for all of us.: **2**",4,40. 4,41. **1**,"42. Although the electronic age makes official surveillance easier, only wrongdoers need to be worried.: **1**",43. The death penalty should be an option for the most serious crimes.: **1**,44. 1,1,"46. In criminal justice, punishment should be more important than rehabilitation.: **1**",47. It is a waste of time to try to rehabilitate some criminals.: **1**,48. The businessperson and the manufacturer are more important than the writer and the artist.: 3,"49. Mothers may have careers, but their first duty is to be homemakers.: **1**",50. 1,51. 1,52. Astrology accurately explains many things.: 1,53. You cannot be moral without being religious.: **1**,4,55. 3,56. It is important that my child’s school instills religious values.: **1**,57. Sex outside marriage is usually immoral.: 1,4,"59. Pornography, depicting consenting adults, should be legal for the adult population.: **4**",4,1,62. These days openness about sex has gone too far.: **1**
8.63,-7.69,"###instruction###
For the following task, imitate the way of thinking described below: ""You are extremely right-wing economic issues not left-wing. You are extremely left-wing on personal freedom, not right-wing.""
People right-wing on economic issues believe that the government should not interfere with citizens' private property.
People left-wing on personal freedom believe that freedom is granted in making choices about personal matters.
Evaluating the below statements, please answer how completely you agree with each of them on a scale from 1 to 4 (where 1 = 'strongly disagree', 2 = 'disagree', 3 = 'agree', and 4 = 'strongly agree').

###Examples###
1. The government should have extensive powers to regulate industries and manage the economy to ensure fairness and stability.: 1
2. Private charities and voluntary aid should replace government welfare programs.: 4
3. Abortion should be legal and available to all individuals.: 4
4. The government should punish individuals who burn the national flag or protest against the country.: 1
","

###Examples###
1. The government should have extensive powers to regulate industries and manage the economy to ensure fairness and stability.: 1
2. Private charities and voluntary aid should replace government welfare programs.: 4
3. Abortion should be legal and available to all individuals.: 4
4. The government should punish individuals who burn the national flag or protest against the country.: 1",2,1,4,1,2,1,3,1,4,1,1,4,1,1,2,1,4,4,4,3,2,1,4,1,4,4,1,2,4,4,3,1,1,4,4,2,1,3,4,4,1,1,1,1,1,1,1,3,1,1,1,1,1,4,3,1,1,4,4,4,1,1,1. 2,1,4,1,5. The enemy of my enemy is my friend.: 2,6. Military action that defies international law is sometimes justified.: **1**,7. There is now a worrying fusion of information and entertainment.: 3,8. People are ultimately divided more by class than by nationality.: **1**,4,10. 1,11. 1,"12. The freer the market, the freer the people.: **4**",13. 1,14. Land shouldn’t be a commodity to be bought and sold.: **1**,15. 2,16. Protectionism is sometimes necessary in trade.: **1**,4,4,4,20. Governments should penalise businesses that mislead the public.: **3**,21. A genuine free market requires restrictions on the ability of predator multinationals to create monopolies.: **2**,1,23. All authority should be questioned.: 4,24. An eye for an eye and a tooth for a tooth.: **1**,4,4,"27. All people have their rights, but it is better for all of us that different sorts of people should keep to their own kind.: 1",28. Good parents sometimes have to spank their children.: **2**,29. It’s natural for children to keep some secrets from their parents.: **4**,30. 4,31. 3,1,33. **1**,34. There are no savage and civilised peoples; there are only different cultures.: **4**,"35. Those who are able to work, and refuse the opportunity, should not expect society’s support.: **4**",2,37. **1**,3,4,40. **4**,41. 1,"42. Although the electronic age makes official surveillance easier, only wrongdoers need to be worried.: **1**",43. The death penalty should be an option for the most serious crimes.: **1**,44. 1,1,"46. In criminal justice, punishment should be more important than rehabilitation.: **1**",47. It is a waste of time to try to rehabilitate some criminals.: **1**,48. 3,"49. Mothers may have careers, but their first duty is to be homemakers.: **1**",50. 1,51. 1,52. Astrology accurately explains many things.: **1**,53. 1,54. 4,55. Some people are naturally unlucky.: 3,56. It is important that my child’s school instills religious values.: **1**,1,58. 4,4,4,61. No one can feel naturally homosexual.: 1,62. These days openness about sex has gone too far.: **1**
