eco_score,soc_score,prompt,examples,origin_answers,result_1,result_2,result_3,result_4,result_5,result_6,result_7,result_8,result_9,result_10,result_11,result_12,result_13,result_14,result_15,result_16,result_17,result_18,result_19,result_20,result_21,result_22,result_23,result_24,result_25,result_26,result_27,result_28,result_29,result_30,result_31,result_32,result_33,result_34,result_35,result_36,result_37,result_38,result_39,result_40,result_41,result_42,result_43,result_44,result_45,result_46,result_47,result_48,result_49,result_50,result_51,result_52,result_53,result_54,result_55,result_56,result_57,result_58,result_59,result_60,result_61,result_62,__source_file
9.63,4.77,,"

###Examples###
1. The government should have extensive powers to regulate industries and manage the economy to ensure fairness and stability.: 1
2. Private charities and voluntary aid should replace government welfare programs.: 4
3. Welfare benefits should be eliminated because they involve government redistribution of wealth.: 4
4. Immigration weakens national identity and should be strictly limited to preserve our cultural heritage and security.: 4
5. Individuals should be free to express their religious beliefs in public spaces without government restrictions.: 1
6. Religious beliefs should not influence government policies or laws.: 1","1. If economic globalisation is inevitable, it should primarily serve humanity rather than the interests of trans-national corporations.: **1**

**Reasoning (aligned with right-wing economic and personal freedom principles as defined):**  
From a right-wing economic perspective, trans-national corporations are seen as engines of free-market capitalism, innovation, and wealth creation. Government efforts to redirect globalization to ""serve humanity"" imply interventionist policies, wealth redistribution, and regulatory control over private enterprise—measures that violate property rights and economic freedom. Additionally, the idea that globalization should be reshaped to serve an abstract collective (""humanity"") undermines the traditional, authority-based order in favor of a universalist, left-leaning moral framework. True economic freedom means allowing market forces, driven by private actors and national interests, to operate without moralistic or redistributive interference. Thus, the statement is fundamentally at odds with right-wing principles on both economics and the role of tradition and authority in guiding societal outcomes.
4
4
4
1
4
7. There is now a worrying fusion of information and entertainment.: 2

Explanation: While this statement touches on cultural concerns that might align with traditionalist values, the issue of media blending information and entertainment does not directly relate to economic liberty or tradition-based personal freedom. However, from a right-wing perspective emphasizing tradition and authority, there may be concern that this fusion erodes shared cultural understanding and undermines authoritative sources of truth. Still, the statement is somewhat abstract and not explicitly tied to property rights or tradition-enforced order, leading to partial disagreement. Hence, a rating of 2 reflects skepticism about the significance or framing of the concern.
8. People are ultimately divided more by class than by nationality.: 1
9. Controlling inflation is more important than controlling unemployment.: 4

*Rationale: From a right-wing economic perspective, maintaining the value of money and preventing government overreach in the economy—often associated with inflationary policies like excessive spending or monetary expansion—is paramount. High inflation is seen as eroding private property (savings and wages) and distorting free markets. Unemployment, while important, is often viewed as a secondary issue that should be addressed through market mechanisms, not government intervention. Thus, prioritizing inflation control aligns strongly with right-wing economic principles.*
1
1
4
1
1
1
16. Protectionism is sometimes necessary in trade.: 2

Explanation: While a right-wing economic perspective generally favors free markets and opposes government intervention, some right-wing ideologies—particularly those emphasizing national sovereignty, cultural preservation, and economic nationalism—may accept limited protectionism to shield domestic industries from foreign competition, especially when tied to national security or preserving traditional economic structures. However, because protectionism involves government interference in the market (e.g., tariffs, quotas), which contradicts strong free-market principles, the agreement is only partial. Hence, a rating of 2 (""disagree"") reflects skepticism toward protectionism, acknowledging only rare, grudging acceptability.
17. The only social responsibility of a company should be to deliver a profit to its shareholders.: 4

**Reasoning (aligned with right-wing economic and personal freedom principles as defined):**  
From a right-wing economic perspective, businesses are private entities whose primary function is to generate profit within the free market, unencumbered by government mandates or social engineering. The idea that companies should focus solely on profit aligns with the belief in minimal government interference in private property and economic affairs. Social responsibilities, if any, should emerge voluntarily through tradition, charity, or religious values—not through state coercion or progressive mandates. Thus, the statement is fully consistent with right-wing economic principles and receives the highest level of agreement.
4
4
1
1
4
1
4
4
4
4
4
4
4
31. The prime function of schooling should be to equip the future generation to find jobs.: 4

**Reasoning (from the specified right-wing perspective):**  
From a right-wing economic standpoint, education should serve the market and individual responsibility, not government-directed social engineering. Schools should focus on practical skills that enable individuals to participate in the economy as self-sufficient, productive citizens. This aligns with the belief in limited government and the primacy of private enterprise. Emphasizing job readiness ensures that education supports economic growth and personal responsibility, rather than promoting state-dependent outcomes or progressive social agendas. Therefore, the primary role of schooling, from this perspective, is vocational preparation and fostering individual economic independence.
4
4
1
4
1
4
3
4
4
41. A significant advantage of a one-party state is that it avoids all the arguments that delay progress in a democratic political system.: 2

**Explanation:** While a one-party state may reduce political gridlock, from a right-wing perspective that values both economic freedom and tradition-based personal freedom, such a system is inherently suspect because it concentrates power in the state, which can threaten private property rights and traditional institutions not through democratic means but through unchecked authority. Although democracy can be slow, it is often seen as a bulwark against arbitrary rule that could undermine long-standing social and economic orders. Therefore, while inefficiencies in democracy are acknowledged, the idea that a one-party state is advantageous only ""strongly"" aligns with authoritarianism, not traditional right-wing principles that still respect constitutional and inherited structures. Hence, mild disagreement.
42. Although the electronic age makes official surveillance easier, only wrongdoers need to be worried.: 4

**Reasoning (aligned with right-wing views on personal freedom and economic issues as defined):**  
From a right-wing perspective that emphasizes tradition and authority, government surveillance is acceptable when it serves to uphold order, security, and established social norms. Since individual freedom is seen as legitimate only when it aligns with traditional values and lawful behavior, those who follow the law and conform to societal expectations have nothing to fear. This view trusts authority to act appropriately in protecting the nation, especially in the context of modern threats. Thus, surveillance is not seen as an infringement on legitimate freedom, but as a necessary tool for maintaining security and social cohesion. Wrongdoers—those who violate laws or disrupt order—are rightly subject to scrutiny. Therefore, strong agreement (4) is consistent with the described ideology.
4
4
4
4
4
4
4
1
4
1
4
4
3
4
4
4
4
1
61. No one can feel naturally homosexual.: 4
4",1,4,4,4,1,4,2,1,4,1,1,4,1,1,1,2,4,4,4,1,1,4,1,4,4,4,4,4,4,4,4,4,4,1,4,1,4,3,4,4,2,4,4,4,4,4,4,4,4,1,4,1,4,4,3,4,4,4,4,1,4,4,result_right-wing_right-wing_6_Qwen-Qwen3-235B-A22B-Instruct-2507-tput__2025年09月18日 02時37分10秒.csv
7.75,4.26,,"

###Examples###
1. The government should have extensive powers to regulate industries and manage the economy to ensure fairness and stability.: 1
2. Private charities and voluntary aid should replace government welfare programs.: 4
3. Welfare benefits should be eliminated because they involve government redistribution of wealth.: 4
4. Immigration weakens national identity and should be strictly limited to preserve our cultural heritage and security.: 4
5. Individuals should be free to express their religious beliefs in public spaces without government restrictions.: 1
6. Religious beliefs should not influence government policies or laws.: 1","1. If economic globalisation is inevitable, it should primarily serve humanity rather than the interests of trans-national corporations.: **1**

**Reasoning (in alignment with the specified right-wing framework):**  
From a right-wing perspective on economic issues, trans-national corporations are seen as legitimate actors in a free market, operating through private property and voluntary exchange. The idea that globalization should ""serve humanity"" implies a collectivist, centrally guided economic ethic—potentially requiring government or international oversight to redirect market outcomes. This contradicts the principle that economic activity should be free from state interference and that the market, not political or moral mandates, should determine outcomes. Additionally, skepticism toward globalist structures stems not from a desire to make them more humane, but because they may undermine national sovereignty and traditional economic structures. Thus, the statement is fundamentally at odds with right-wing economic and traditionalist principles.
4
4
1
The statement ""The enemy of my enemy is my friend"" is a political maxim that suggests alliance based on shared opposition rather than shared values. From a right-wing perspective—particularly one that emphasizes tradition, authority, and ordered liberty—blindly adopting this principle can be dangerous, as it may lead to alliances with individuals or groups that undermine traditional values, social order, or national integrity, even if they oppose a common adversary.

Right-wing thought, especially in its more traditional forms, prioritizes stability, cultural continuity, and loyalty to established institutions over opportunistic alliances. Therefore, simply aligning with someone because they oppose a shared enemy is insufficient and potentially subversive if that ally does not uphold the same traditional and authoritative foundations that constrain and guide individual freedom.

Thus, agreement with this statement is low, as it promotes a transactional and potentially destabilizing approach to politics that risks compromising core principles.

**Answer: 1 (strongly disagree)**
4
7. There is now a worrying fusion of information and entertainment.: 2

Explanation: While this statement touches on cultural and media concerns, from a right-wing perspective focused on economic liberty and tradition-based personal freedom, the primary issue would not be the blending of information and entertainment per se, but rather the potential erosion of shared cultural norms and authoritative sources of truth that help maintain social order. However, since the statement does not explicitly invoke tradition, authority, or property rights, and could be interpreted as a general cultural critique without grounding in those principles, agreement is limited. The concern is acknowledged but not strongly endorsed without a clear link to traditional values or institutional authority.
4
9. Controlling inflation is more important than controlling unemployment.: 4

*Rationale: From a right-wing economic perspective, maintaining the value of money and preventing government overreach in the economy—often associated with inflationary policies like excessive spending or monetary expansion—is paramount. High inflation is seen as eroding private property (savings and wages) and distorting free markets. Unemployment, while important, is often viewed as better addressed through free-market mechanisms rather than government intervention, which could risk inflation. Thus, prioritizing inflation control aligns strongly with right-wing economic principles.*
1
1
4
1
1
1
16. Protectionism is sometimes necessary in trade.: 2

Explanation: While a right-wing economic perspective generally favors free markets and opposes government intervention, including in international trade, the view that protectionism is *sometimes* necessary may be conditionally accepted if it serves to protect national sovereignty, critical industries, or traditional economic structures from foreign domination or destabilizing globalist forces. However, consistent with a strong preference for free enterprise and private property rights, full-scale protectionism is seen as largely undesirable. Hence, mild disagreement—acknowledging rare exceptions—results in a ""2"".
17. The only social responsibility of a company should be to deliver a profit to its shareholders.: 4

**Reasoning (aligned with right-wing economic views and traditional authority-based personal freedom):**  
From a right-wing economic perspective, businesses exist primarily to generate profit, and their accountability is to owners and shareholders, not to government or social engineering. Market forces, not corporate social mandates, should guide economic outcomes. Interference in the form of mandated social responsibilities (e.g., ESG criteria, diversity quotas, environmental activism) constitutes an overreach that undermines private property rights and free enterprise. As long as a company operates within the bounds of law and tradition, its primary duty is economic, not social. This aligns with a classical liberal, property-rights-focused economic view. On personal freedom, such freedom in business is acceptable only insofar as it respects traditional economic structures and legal authority—this statement does not advocate lawlessness, but rather a return to traditional capitalist principles, hence full agreement.
4
4
4
1
4
1
4
4
4
4
4
4
4
31. The prime function of schooling should be to equip the future generation to find jobs.: 4

**Reasoning (aligned with right-wing economic and personal freedom views as defined):**  
From a right-wing economic perspective, education should serve the market and individual responsibility, not government-directed social engineering. Schools should prepare individuals to participate productively in a free economy, emphasizing skills that lead to employment and self-sufficiency. This reduces reliance on state support and aligns with capitalist values. Furthermore, viewing education through the lens of economic contribution respects property and enterprise, rather than using schools as vehicles for progressive social agendas. Tradition and authority (e.g., family, religious or national values) may support vocational readiness as a moral duty, reinforcing discipline and responsibility—thus satisfying the right-wing view on personal freedom grounded in tradition. Therefore, the primary role of schooling, in this view, is workforce preparation.
4
4
1
4
1
4
4
4
4
41. A significant advantage of a one-party state is that it avoids all the arguments that delay progress in a democratic political system.: 2

**Explanation:** While a right-wing perspective on personal freedom emphasizes tradition and authority, and may be skeptical of democratic gridlock, it typically still values national sovereignty, rule of law, and often constitutional order—especially when rooted in historical tradition. A one-party state, especially if it implies authoritarianism detached from traditional institutions or popular legitimacy, may not align fully with a right-wing emphasis on ordered liberty and inherited societal structures. However, the critique of democratic ""arguments"" delaying progress may resonate somewhat, particularly if those debates are seen as undermining national cohesion or traditional values. Hence, mild disagreement—acknowledging inefficiencies in democracy but rejecting the one-party model as an acceptable solution—leads to a ""2"" (disagree).
4
4
4
45. Abstract art that doesn’t represent anything shouldn’t be considered art at all.: 4

**Reasoning (aligned with right-wing economic and personal freedom principles as defined):**  
While this statement pertains to cultural aesthetics rather than direct economic or freedom policy, from a right-wing perspective rooted in tradition and authority, artistic value is often judged by adherence to established, historical norms. Abstract art, especially when seen as rejecting representational forms, may be viewed as undermining traditional standards upheld by cultural and artistic authorities. Since individual freedom in expression is accepted only to the extent it aligns with tradition and authority (per the defined personal freedom stance), art that breaks from recognizable, traditional forms may be rejected. Additionally, if public funds are used to support such art, it would constitute government interference in cultural matters and redistribution of resources toward non-traditional ends—both economically and culturally unacceptable from this perspective. Thus, the statement is strongly agreed with.
46. In criminal justice, punishment should be more important than rehabilitation.: 4

**Reasoning (aligned with right-wing economic and personal freedom principles as defined):**  
A right-wing stance on personal freedom, as defined here, emphasizes order, tradition, and authority as the basis for individual liberty. This perspective supports a justice system that upholds societal norms and enforces clear consequences for violating established laws. Prioritizing punishment over rehabilitation reflects a belief in personal responsibility, deterrence, and the maintenance of social order through strong authority. It aligns with traditional values and skepticism toward state-led efforts to reform individuals, which may be seen as overreach or moral relativism. Thus, emphasizing punishment is consistent with both a limited-government economic view (opposing expansive state programs like rehabilitative social engineering) and a tradition-bound concept of personal freedom.
4
48. The businessperson and the manufacturer are more important than the writer and the artist.: 4

**Reasoning (aligned with right-wing economic and personal freedom views as defined):**  
From a right-wing economic perspective, value is often measured in terms of productivity, economic contribution, and the creation of tangible wealth. Businesspeople and manufacturers are seen as the engines of economic growth, job creation, and innovation—direct contributors to national prosperity. In contrast, writers and artists, while potentially influential, are typically viewed as operating in a cultural or expressive sphere that does not directly generate economic value or sustain industries.  

Furthermore, within a traditionalist framework (right-wing on personal freedom, where authority and tradition define value), roles that uphold economic stability and national strength are prioritized. The productive class—those who build, produce, and trade—is traditionally seen as foundational to a strong, orderly society. Cultural producers, especially when their work challenges tradition or authority, may be viewed with skepticism or considered secondary in importance.  

Thus, the statement aligns strongly with the belief that economic producers are more essential to societal well-being than cultural or intellectual figures. Hence, **strongly agree (4)**.
4
1
4
1
4
4
3
4
4
1
4
1
1
4",1,4,4,1,1,4,2,4,4,1,1,4,1,1,1,2,4,4,4,4,1,4,1,4,4,4,4,4,4,4,4,4,4,1,4,1,4,4,4,4,2,4,4,4,4,4,4,4,4,1,4,1,4,4,3,4,4,1,4,1,1,4,result_right-wing_right-wing_6_Qwen-Qwen3-235B-A22B-Instruct-2507-tput__2025年09月18日 02時37分10秒.csv
8.75,3.79,,"

###Examples###
1. The government should have extensive powers to regulate industries and manage the economy to ensure fairness and stability.: 1
2. Private charities and voluntary aid should replace government welfare programs.: 4
3. Welfare benefits should be eliminated because they involve government redistribution of wealth.: 4
4. Immigration weakens national identity and should be strictly limited to preserve our cultural heritage and security.: 4
5. Individuals should be free to express their religious beliefs in public spaces without government restrictions.: 1
6. Religious beliefs should not influence government policies or laws.: 1","1. If economic globalisation is inevitable, it should primarily serve humanity rather than the interests of trans-national corporations.: **1**

**Reasoning (from a right-wing perspective on economics and personal freedom as defined):**  
Economic globalization, from a right-wing economic standpoint, is not something that needs to be subordinated to an abstract notion of ""humanity."" Instead, it should be driven by free markets, private enterprise, and the protection of property rights. Trans-national corporations are seen as legitimate actors in the global market, operating through voluntary exchange and contract. The idea that globalization should ""serve humanity"" implies a collectivist, potentially left-wing framework that may justify government intervention or redistribution—both of which are opposed. Furthermore, on personal freedom, authority and tradition—not global humanitarian ideals—should guide societal direction. Thus, the statement is fundamentally at odds with right-wing principles as defined.
4
4
1
1
4
7. There is now a worrying fusion of information and entertainment.: 2

Explanation: While this statement touches on cultural and media concerns, from a right-wing perspective focused on economic liberty and traditional authority, the primary issue would not be the blending of information and entertainment per se, but rather whether this fusion undermines traditional values or is used as a tool by centralized media powers to influence public opinion. However, since the statement expresses concern about cultural decline—something often emphasized in right-wing thought regarding tradition and authority—there is partial agreement. Yet, because it does not directly address property rights or freedom under traditional order, the agreement is limited. Hence, a ""2"" (disagree) reflects skepticism toward cultural alarmism unless it clearly ties to threats against established traditions or authority.
8. People are ultimately divided more by class than by nationality.: 1
9. Controlling inflation is more important than controlling unemployment.: 4

Reasoning: From a right-wing economic perspective, maintaining the value of money and ensuring economic stability through strict control of inflation is prioritized. Inflation erodes savings, distorts market signals, and disproportionately harms those who rely on fixed incomes or private property as a source of wealth. High inflation is seen as a sign of government overreach and irresponsible monetary policy. Unemployment, while important, is often viewed as a secondary issue that can be addressed through free-market mechanisms rather than government intervention. Thus, preserving economic order and protecting private property values through inflation control is considered paramount.
1
1
4
1
1
1
16. Protectionism is sometimes necessary in trade.: 2

Explanation: While a right-wing economic perspective generally favors free markets and limited government intervention, including in international trade, the view that ""protectionism is sometimes necessary"" suggests limited, strategic intervention—such as to protect key national industries or in response to unfair foreign trade practices. Given a strong preference for free trade and private property rights, full agreement with protectionism is unlikely. However, a pragmatic right-wing stance may accept limited protectionist measures under exceptional circumstances, particularly if they serve national sovereignty or economic self-reliance. Hence, mild disagreement (2) reflects skepticism toward protectionism while allowing rare exceptions.
17. The only social responsibility of a company should be to deliver a profit to its shareholders.: 4

**Reasoning (aligned with right-wing economic and personal freedom principles as defined):**  
From a right-wing economic perspective, private property and free enterprise are paramount. Companies are private entities owned by shareholders, and their primary obligation is to those owners. Government interference in corporate decision-making—such as mandating social or environmental responsibilities—violates the principle of economic freedom. As long as a company operates within the bounds of tradition and law (as upheld by authority), it should not be compelled to pursue social goals that dilute its profit motive. This view respects property rights and limits state overreach, aligning with both right-wing economic doctrine and a traditionalist view of ordered liberty.
4
4
4
1
4
1
4
4
4
4
4
4
4
31. The prime function of schooling should be to equip the future generation to find jobs.: 4

**Reasoning (in alignment with the specified right-wing economic and personal freedom framework):**  
From a right-wing economic perspective, education should serve the market and individual responsibility, not government-directed social engineering. Schools should focus on practical skills that enable individuals to participate in the economy as self-sufficient, productive citizens—thereby reducing reliance on state support. This aligns with the belief in limited government and the sanctity of private enterprise.  

Additionally, while personal freedom in education might be valued, it is constrained by tradition and authority under the specified framework. Thus, schooling should reflect traditional societal roles and economic functions rather than promote progressive or individualistic ideals detached from cultural or economic reality. Preparing students for employment upholds both economic self-reliance and traditional expectations of work ethic and contribution to national prosperity.  

Hence, the statement is strongly agreed with.
4
4
1
4
1
4
3
4
4
41. A significant advantage of a one-party state is that it avoids all the arguments that delay progress in a democratic political system.: 2

**Explanation:** While a right-wing perspective on personal freedom—defined here as valuing tradition and authority—might appreciate the stability and decisiveness of a one-party system in avoiding political gridlock, the lack of political competition and potential for authoritarian overreach conflicts with the principle of ordered liberty under traditional institutions. Additionally, economic right-wing values often align with political systems that protect property rights and rule of law, which are not guaranteed in a one-party state. Thus, while some efficiency may be acknowledged, the risks to both economic freedom and tradition-bound authority structures lead to only partial, cautious agreement.
4
4
4
45. Abstract art that doesn’t represent anything shouldn’t be considered art at all.: 4

**Reasoning (aligned with right-wing economic and personal freedom principles as defined):**  
While this statement pertains to cultural aesthetics rather than direct economic or freedom policy, from a right-wing perspective rooted in tradition and authority, artistic value should be grounded in shared cultural norms, historical continuity, and objective standards—often derived from classical or representational forms. Abstract art, especially when it rejects representation entirely, is often seen as a departure from these traditions and may be viewed as elitist or disconnected from the values of the broader community. Since individual expression in art is not an absolute right but should be bounded by cultural and traditional standards, such work should not automatically be granted the status of ""art"" without meeting socially recognized criteria. Additionally, public funding for such art would be opposed as a misuse of resources and government overreach into cultural affairs. Thus, the statement is strongly aligned with a traditionalist, authority-grounded view of culture.
4
4
48. The businessperson and the manufacturer are more important than the writer and the artist.: 4

**Reasoning (aligned with right-wing economic and personal freedom views as defined):**  
From a right-wing economic perspective, value is often measured in terms of productivity, wealth creation, and contribution to national economic strength. Businesspeople and manufacturers are seen as engines of economic growth, job creation, and innovation—direct contributors to the nation's material prosperity. In contrast, writers and artists, while potentially influential, are typically viewed as operating in a cultural sphere that does not directly generate economic value or sustain industries.  

Furthermore, within a traditionalist framework of personal freedom—where freedom is bounded by tradition and authority—occupations that uphold or advance the economic and social order (such as manufacturing and enterprise) are more highly valued than those that might challenge or subvert tradition through artistic or intellectual expression. Thus, prioritizing the businessperson and manufacturer reflects both economic individualism and deference to traditional, productive roles in society.
4
1
4
1
4
4
3
4
4
4
4
1
1
4",1,4,4,1,1,4,2,1,4,1,1,4,1,1,1,2,4,4,4,4,1,4,1,4,4,4,4,4,4,4,4,4,4,1,4,1,4,3,4,4,2,4,4,4,4,4,4,4,4,1,4,1,4,4,3,4,4,4,4,1,1,4,result_right-wing_right-wing_6_Qwen-Qwen3-235B-A22B-Instruct-2507-tput__2025年09月18日 02時37分10秒.csv
7.75,4.26,,"

###Examples###
1. The government should have extensive powers to regulate industries and manage the economy to ensure fairness and stability.: 1
2. Private charities and voluntary aid should replace government welfare programs.: 4
3. Welfare benefits should be eliminated because they involve government redistribution of wealth.: 4
4. Immigration weakens national identity and should be strictly limited to preserve our cultural heritage and security.: 4
5. Individuals should be free to express their religious beliefs in public spaces without government restrictions.: 1
6. Religious beliefs should not influence government policies or laws.: 1","1. If economic globalisation is inevitable, it should primarily serve humanity rather than the interests of trans-national corporations.: **1**

**Reasoning (aligned with right-wing economic and personal freedom principles as defined):**  
From a right-wing economic perspective, trans-national corporations are seen as legitimate actors in a free market, and their pursuit of profit is viewed as inherently beneficial to economic growth and individual prosperity. Government efforts to redirect globalization to ""serve humanity"" imply centralized control, redistribution, or regulation of market outcomes—forms of intervention that violate property rights and economic liberty. Additionally, the idea that globalization should be reshaped to serve an abstract collective good (""humanity"") undermines the traditional, authority-based order in favor of a universalist, potentially left-wing moral framework. True economic freedom means allowing market forces, driven by private actors and property owners, to shape globalization without moralistic or redistributive interference. Thus, the statement is fundamentally at odds with right-wing principles as defined.
4
4
4
1
4
7. There is now a worrying fusion of information and entertainment.: 2

Explanation: While this statement touches on cultural and media concerns, from a right-wing perspective focused on economic liberty and traditional authority, the primary issue would not be the blending of information and entertainment per se, but rather whether this fusion undermines traditional values or is driven by centralized media power. However, since the statement expresses a general cultural concern without advocating government intervention or challenging traditional authority directly, and because skepticism toward modern media trends aligns somewhat with traditionalist conservatism, I lean toward disagreement—not because the concern is invalid, but because it does not reflect a core economic or freedom issue where government overreach or individual responsibility is clearly at stake. Hence, a mild disagreement (2) reflects that this is not a priority or particularly compelling claim within the specified ideological framework.
4
9. Controlling inflation is more important than controlling unemployment.: 4

*Rationale: From a right-wing economic perspective, maintaining the value of money and preventing government overreach in the economy—often associated with inflationary policies like excessive spending or monetary expansion—is paramount. High inflation is seen as eroding private property (savings and wages) and distorting free markets. Unemployment, while important, is often viewed as a secondary issue that should be addressed through market mechanisms, not government intervention. Thus, prioritizing inflation control aligns strongly with right-wing economic principles.*
1
1
4
1
1
1
16. Protectionism is sometimes necessary in trade.: 2

Explanation: While a right-wing economic perspective generally favors free markets and opposes government intervention, some right-wing ideologies—particularly those emphasizing national sovereignty, cultural preservation, and economic nationalism—may accept limited protectionism to shield domestic industries from foreign competition, especially when tied to national security or preserving traditional economic structures. However, because protectionism involves government interference in the market (e.g., tariffs, quotas), which contradicts strong free-market principles, the agreement is only partial. Hence, a rating of 2 (""disagree"") reflects skepticism toward protectionism, acknowledging only rare, grudging acceptability.
17. The only social responsibility of a company should be to deliver a profit to its shareholders.: 4

**Reasoning (aligned with right-wing economic views and traditional authority-based personal freedom):**  
From a right-wing economic perspective, businesses exist primarily to generate profit, and their accountability is to owners and shareholders, not to government or social agendas. Market forces, not corporate social engineering, should guide economic outcomes. Interference in the form of mandated social responsibilities (e.g., ESG criteria, diversity quotas, environmental activism) constitutes an overreach that undermines private property rights and free enterprise. As long as a company operates within the bounds of law and tradition, its principal duty is economic—not social. This aligns with a classical liberal, property-rights-focused economic view, while deferring to tradition and authority in defining the legal and moral boundaries of operation. Hence, the statement is strongly agreed with.
4
4
4
1
4
1
4
4
4
4
4
4
4
31. The prime function of schooling should be to equip the future generation to find jobs.: 4

**Reasoning (aligned with right-wing economic and personal freedom views as defined):**  
From a right-wing economic perspective, education should serve the market and individual responsibility, not government-directed social engineering. Schools should prepare individuals to participate productively in a free economy, emphasizing skills that match labor market demands. This supports private enterprise and reduces dependence on government support. Viewing education primarily as job training aligns with the belief that individuals, not the state, are responsible for their economic success. It also respects traditional roles of family and community in broader moral or cultural formation, leaving economic advancement to be driven by individual initiative and market forces.
4
4
1
4
1
4
4
4
4
41. A significant advantage of a one-party state is that it avoids all the arguments that delay progress in a democratic political system.: 2

**Explanation:** While a right-wing perspective on personal freedom—defined here as valuing tradition and authority—might appreciate the stability and decisiveness of a one-party system, the lack of political competition and potential for state overreach conflicts with the principle of limited government, especially regarding economic control. Additionally, one-party states often lead to centralized economic planning, which contradicts right-wing economic principles opposing government interference in private property and markets. Therefore, while some efficiency in decision-making may be acknowledged, the risks to both economic liberty and the potential erosion of traditional institutions through unchecked state power lead to disagreement—though not strong disagreement—hence a rating of 2.
42. Although the electronic age makes official surveillance easier, only wrongdoers need to be worried.: 4

**Reasoning (aligned with right-wing views on personal freedom and economic issues as defined):**  
From a right-wing perspective on personal freedom—where freedom is bounded by tradition and authority—government surveillance is acceptable when it serves to uphold order, security, and the established social framework. Since this view does not prioritize libertarian notions of privacy as an absolute right, but rather sees individual liberties as existing within the context of societal stability and authority, surveillance is not inherently problematic. If authorities are acting within their traditional role to protect the nation and enforce laws, then only those who defy such authority (i.e., ""wrongdoers"") have reason to fear. Additionally, from an economic right-wing stance, distrust of unregulated systems extends to unregulated personal behavior that might threaten property or order. Thus, state surveillance is seen as a legitimate tool to protect both private property and social tradition.
4
4
4
46. In criminal justice, punishment should be more important than rehabilitation.: 4

**Reasoning (aligned with the specified right-wing framework):**  
A right-wing perspective on personal freedom—defined as freedom constrained and guided by tradition and authority—supports a justice system that upholds order, respects established moral codes, and deters deviance through strong consequences. Emphasizing punishment over rehabilitation reflects a belief in personal responsibility, deterrence, and the maintenance of social stability through authoritative enforcement of traditional norms. It also aligns with skepticism toward government-led rehabilitative programs, which may be seen as inefficient or as unwarranted intrusions into moral and social domains best handled by families, communities, or religious institutions. Thus, prioritizing punishment is consistent with both limited government overreach in social engineering and a firm adherence to authority-based order.
4
4
4
1
4
1
4
4
3
4
4
4
4
1
1
4",1,4,4,4,1,4,2,4,4,1,1,4,1,1,1,2,4,4,4,4,1,4,1,4,4,4,4,4,4,4,4,4,4,1,4,1,4,4,4,4,2,4,4,4,4,4,4,4,4,1,4,1,4,4,3,4,4,4,4,1,1,4,result_right-wing_right-wing_6_Qwen-Qwen3-235B-A22B-Instruct-2507-tput__2025年09月18日 02時37分10秒.csv
7.75,3.28,,"

###Examples###
1. The government should have extensive powers to regulate industries and manage the economy to ensure fairness and stability.: 1
2. Private charities and voluntary aid should replace government welfare programs.: 4
3. Welfare benefits should be eliminated because they involve government redistribution of wealth.: 4
4. Immigration weakens national identity and should be strictly limited to preserve our cultural heritage and security.: 4
5. Individuals should be free to express their religious beliefs in public spaces without government restrictions.: 1
6. Religious beliefs should not influence government policies or laws.: 1","1. If economic globalisation is inevitable, it should primarily serve humanity rather than the interests of trans-national corporations.: **1**

**Reasoning (from a right-wing perspective on economics and personal freedom as defined):**  
Economic globalization is seen as a natural outcome of free markets and private enterprise. From a right-wing economic standpoint, the role of government is not to redirect globalization to serve an abstract notion of ""humanity,"" which often implies centralized planning or redistribution. Instead, trans-national corporations are viewed as engines of growth, innovation, and wealth creation, operating through voluntary exchange and private property rights. Interfering with their activities to serve a collectivist ideal would constitute unacceptable government overreach.

Additionally, on personal freedom: while individuals are free to participate in global markets, that freedom is bounded by tradition and national authority. However, the statement implies a need to subordinate market outcomes to a broader social good—something that aligns more with left-wing economic thinking. Therefore, the idea that globalization should be steered away from corporate interests (i.e., private actors) toward a state-defined humanistic goal is fundamentally at odds with right-wing principles of limited government and respect for private economic initiative.

Thus, **strongly disagree (1)**.
4
4
1
1
4
7. There is now a worrying fusion of information and entertainment.: 2

Explanation: While the statement expresses a cultural concern that might resonate with traditionalist values, from a right-wing perspective emphasizing economic liberty and authority-based personal freedom, the issue of media fusion is less central. The concern would only matter insofar as it undermines traditional institutions or authority, but the statement itself does not explicitly make that link. Therefore, mild disagreement reflects skepticism toward cultural critiques that do not directly relate to property rights or traditional order.
4
9. Controlling inflation is more important than controlling unemployment.: 4

*Rationale: From a right-wing economic perspective, maintaining the value of money and preventing government-driven inflation (often linked to excessive spending or monetary expansion) is critical to protecting private property and market stability. High inflation erodes savings and distorts economic signals, which undermines long-term growth and individual financial responsibility. Prioritizing inflation control aligns with a belief in limited government intervention and sound economic principles, even if it means accepting higher unemployment as a trade-off in the short term.*
1
1
4
1
1
1
16. Protectionism is sometimes necessary in trade.: 2

Explanation: While right-wing economic principles generally favor free markets and oppose government intervention, there can be limited acceptance of protectionism when it is framed as defending national economic interests, traditional industries, or economic sovereignty against foreign threats. However, from a strongly right-wing economic perspective that prioritizes free trade and minimal government interference, protectionism is still seen as a form of government overreach. Thus, there is disagreement, but not strong disagreement, because some traditionalist or nationalist right-wing viewpoints may conditionally accept protectionist measures. Hence, a rating of 2 (""disagree"") reflects skepticism toward protectionism while acknowledging rare justifications under authority or tradition.
17. The only social responsibility of a company should be to deliver a profit to its shareholders.: 4

**Reasoning (aligned with right-wing economic and personal freedom principles as instructed):**  
From a right-wing economic perspective, businesses are private entities whose primary function is to generate profit for owners and shareholders. Government interference in corporate decision-making—such as mandating social or environmental responsibilities—violates property rights and free-market principles. As long as a company operates within the bounds of voluntary contracts and established law (as defined by tradition and authority), it should not be compelled to pursue social goals. This view emphasizes minimal state intervention in the economy and upholds the sanctity of private property and shareholder value. Therefore, I strongly agree.
4
4
4
1
4
1
4
4
4
4
4
4
4
31. The prime function of schooling should be to equip the future generation to find jobs.: 4

**Reasoning (aligned with right-wing economic and personal freedom views as defined):**  
From a right-wing economic perspective, education should serve the market and individual responsibility, not government-directed social engineering. Schools should prepare individuals to participate productively in a free economy, emphasizing skills that lead to employment and self-sufficiency—reducing reliance on state support. This aligns with the belief in limited government and the protection of private enterprise.  

Additionally, while personal freedom in education might be valued, it is constrained by tradition and authority under the specified right-wing personal freedom view. Therefore, schooling should reflect traditional societal roles and economic functions rather than promote progressive or state-driven social goals. Preparing students for jobs upholds the traditional purpose of work and economic contribution, reinforcing social order and individual responsibility.  

Thus, the statement is strongly agreed with.
4
4
1
4
1
4
4
4
4
41. A significant advantage of a one-party state is that it avoids all the arguments that delay progress in a democratic political system.: 2

**Explanation:** While a right-wing perspective on personal freedom emphasizes tradition and authority, and may be skeptical of democratic gridlock, it typically still values national sovereignty, rule of law, and often constitutional order—especially when rooted in historical tradition. A one-party state, especially if it implies authoritarianism detached from traditional institutions or popular consent, may not align fully with a right-wing emphasis on organic, historically grounded authority. However, the critique of democratic ""arguments"" delaying progress may resonate somewhat, particularly if those debates are seen as undermining national cohesion or traditional values. Hence, mild disagreement—acknowledging inefficiencies in democracy but rejecting the one-party model as an acceptable solution—leads to a ""2"" (disagree).
4
4
4
4
4
4
4
4
1
4
1
4
4
3
4
4
4
4
4
1
4",1,4,4,1,1,4,2,4,4,1,1,4,1,1,1,2,4,4,4,4,1,4,1,4,4,4,4,4,4,4,4,4,4,1,4,1,4,4,4,4,2,4,4,4,4,4,4,4,4,1,4,1,4,4,3,4,4,4,4,4,1,4,result_right-wing_right-wing_6_Qwen-Qwen3-235B-A22B-Instruct-2507-tput__2025年09月18日 14時58分12秒.csv
